Ubicacion,Tama√±o,Habitaciones,Estado,Precio
Arequipa,213.35330691258127,2,Usado,218706.41277751315
Piura,139.35112874401517,3,Usado,200708.96815112422
Arequipa,161.38217759874118,3,Nuevo,347422.1272501576
Cusco,235.61519063154046,5,Usado,286484.7457528708
Trujillo,250.07550545260122,3,Nuevo,112006.56538981613
Arequipa,290.07490225781794,5,Nuevo,452928.758216859
Trujillo,55.44473420164846,5,Nuevo,156346.78401460545
Cusco,293.1015650148688,3,Nuevo,109548.94428007567
Cusco,93.316621913642,3,Usado,192494.72710366204
Lima,280.23980658774633,3,Usado,383496.89849089266
Cusco,144.68786884704124,1,Usado,194013.90090580756
Cusco,121.21486095505378,4,Usado,391733.3842127277
Lima,194.77160693522467,4,Usado,371192.70082762226
Lima,57.68222147551587,5,Usado,171433.79630607954
Cusco,296.2613568264313,1,Usado,125616.48461228411
Trujillo,53.339687728037,1,Nuevo,323312.6835634125
Piura,224.60333175938496,2,Nuevo,138598.47639528252
Lima,191.22281687876904,2,Usado,119148.9519095752
Lima,205.24394763934419,4,Nuevo,125392.5811477163
Piura,211.63594550265347,1,Usado,408324.63918208
Cusco,150.6617557025331,3,Nuevo,379342.2678818317
Trujillo,148.24119244541782,5,Usado,275051.3907945822
Arequipa,271.0771534217266,2,Usado,479662.181126343
Piura,286.7450514220318,3,Nuevo,341368.9202395951
Arequipa,111.81590490000221,5,Usado,320740.94350640906
Piura,229.5198302999095,1,Usado,333761.7034093293
Lima,120.97006257377961,2,Nuevo,434361.3038820313
Lima,285.3296549162262,2,Nuevo,311901.39896085986
Cusco,162.1511150028935,4,Usado,136939.1015340827
Trujillo,236.1058023056504,2,Usado,482031.9953859047
Piura,108.95616819254448,1,Usado,299786.7356781316
Piura,267.8301850130706,4,Usado,481914.18603682204
Piura,146.82490108909218,5,Usado,188420.8243279022
Cusco,184.2495205392254,2,Usado,434702.93541275937
Trujillo,264.1980949722304,4,Usado,133392.51114564462
Arequipa,266.3101367746606,1,Nuevo,177859.89214367
Cusco,188.97150317114023,1,Nuevo,439539.9403255842
Piura,201.81979699307362,3,Usado,234511.3683145358
Lima,250.58416141930215,4,Usado,215403.12029130777
Trujillo,120.99915104005214,5,Nuevo,164980.69418222073
Arequipa,171.89052943349301,1,Nuevo,373290.80393123557
Lima,149.97127544455367,1,Usado,228294.44196580123
Trujillo,124.06643786474984,3,Nuevo,134644.77108202328
Arequipa,202.55738361309938,4,Nuevo,171980.31642297824
Arequipa,94.43185525900245,5,Nuevo,315287.33883044997
Arequipa,135.14910955307266,2,Nuevo,200055.85316045798
Arequipa,248.9314273789292,3,Usado,272781.11970999115
Piura,254.31667866962476,1,Nuevo,479990.2794807358
Trujillo,212.97702695862964,2,Usado,136782.72889068635
Trujillo,272.5110877202211,4,Nuevo,210394.45684413606
Piura,61.41621261540027,3,Nuevo,359359.45834724896
Piura,100.47688490393304,5,Usado,456744.30575188814
Trujillo,276.8376145879851,1,Nuevo,356909.4953078788
Arequipa,197.9414074971662,1,Nuevo,289138.8608200764
Lima,277.97252353253043,5,Nuevo,174781.3185731644
Piura,129.09640544891192,1,Usado,243562.2071333539
Trujillo,93.61829032610103,2,Nuevo,475910.51830875315
Cusco,144.5173962993943,4,Nuevo,195988.3523687747
Trujillo,192.5935286257875,1,Usado,444848.58010353363
Arequipa,199.93549458452654,3,Usado,424946.7719908844
Cusco,150.5091724939308,2,Nuevo,403558.542807193
Arequipa,298.6496819484345,3,Usado,280751.41715435253
Piura,53.93000348992395,4,Usado,121495.71705824167
Lima,268.9158196464265,4,Usado,111624.56655550393
Cusco,152.51362603749652,1,Usado,232199.11576237154
Piura,265.51716023877054,1,Usado,104753.86093725638
Arequipa,85.83260332916578,1,Nuevo,357822.4991101494
Cusco,133.48552832895422,2,Nuevo,131805.38449416944
Cusco,295.5003497426145,3,Nuevo,452905.33476153924
Trujillo,200.99299802979436,5,Usado,488263.3019317695
Piura,205.212904047481,2,Nuevo,472973.0011683156
Cusco,272.5480940106369,5,Nuevo,391094.9693876312
Lima,78.59093283080935,5,Usado,248906.06031761275
Lima,265.1332201093124,5,Nuevo,207886.0893968523
Trujillo,271.7365020535902,1,Usado,104254.04447817637
Cusco,195.84497706181966,5,Nuevo,441507.955295697
Trujillo,280.6393131309612,3,Nuevo,471949.7394040131
Trujillo,222.4072546898194,1,Nuevo,339684.19911728834
Trujillo,97.92935568173539,3,Usado,102715.10161336965
Cusco,288.5835390971423,4,Usado,468023.8302197805
Cusco,249.30442472570468,3,Nuevo,492751.6273788869
Arequipa,264.4187357174192,5,Nuevo,236311.6022155923
Trujillo,81.14034415688563,4,Usado,406709.72853823914
Trujillo,73.76510968904958,5,Usado,126092.65372292956
Trujillo,218.60851779983048,2,Usado,404790.73909388535
Trujillo,202.11417327092724,5,Nuevo,449457.48602255655
Lima,146.43237789720538,4,Nuevo,213092.97230180108
Cusco,89.80417523295918,5,Usado,187529.30178474582
Trujillo,173.4699864731116,4,Usado,234104.59628815367
Cusco,94.7452751433998,2,Nuevo,323814.40253527014
Piura,80.62508013261731,5,Usado,238750.95998991368
Trujillo,267.6654682649905,4,Usado,285708.49606945715
Cusco,179.87450672415198,4,Usado,366330.4518884283
Arequipa,129.7746417939404,4,Usado,191492.63925305742
Trujillo,229.85165844648662,4,Usado,386655.91101745
Piura,291.0781714193604,5,Usado,464298.63194965763
Trujillo,54.0189484512255,1,Usado,341424.49611917895
Cusco,112.21510749065914,3,Usado,328048.22744032333
Lima,132.82712186449695,4,Usado,117642.9471695089
Lima,96.62823308566,1,Usado,283084.07491324923
Trujillo,237.61652621466925,5,Usado,469824.819584441
Lima,267.19539058017216,2,Nuevo,175758.39241552883
Cusco,158.48537489312437,4,Nuevo,494581.84258291055
Cusco,138.14138382499982,1,Usado,465816.91710437875
Lima,147.78477894021546,1,Nuevo,473427.54503732437
Trujillo,94.94802847488418,2,Nuevo,176929.08371497976
Cusco,141.12999213222392,1,Usado,457844.0756333807
Trujillo,101.38870212830776,1,Nuevo,383420.5925537742
Piura,127.31484134143065,3,Usado,366949.9281939625
Piura,231.45362297282793,5,Nuevo,285564.84941226605
Cusco,274.76982032260355,2,Nuevo,132203.07486360247
Piura,115.89510294747619,4,Nuevo,256659.64911384895
Piura,255.63743269088422,3,Nuevo,154862.16441446193
Trujillo,73.29934637825792,4,Usado,312775.65053029964
Piura,210.40005501540182,3,Usado,127298.75577097692
Trujillo,281.25060360659114,1,Usado,297949.77247403143
Lima,276.7648745604615,2,Usado,200678.4033361348
Piura,255.8079301625863,3,Usado,255198.34977825932
Piura,254.36568882301955,1,Nuevo,153544.1853525668
Piura,208.98651394675247,3,Usado,239608.7583536709
Piura,299.0483182566667,5,Usado,398251.58134756936
Lima,105.40603278515744,2,Usado,168522.30862472893
Lima,219.6328545962962,5,Usado,140385.07338940765
Cusco,164.5870029964962,4,Nuevo,438109.6248141916
Lima,228.51419821034722,5,Nuevo,260542.24700114966
Lima,155.26997917739862,1,Nuevo,364826.799428125
Piura,180.3163237518128,4,Nuevo,126494.0921546764
Arequipa,285.13895341072543,4,Nuevo,117133.74757100525
Arequipa,162.055370733154,4,Usado,390914.7340489399
Lima,135.0687457548927,2,Usado,167588.43221116107
Cusco,98.34979006938397,4,Nuevo,132018.1696721843
Lima,241.27544099900965,5,Nuevo,436121.1815952312
Arequipa,184.39143447951326,4,Usado,479111.02904094185
Piura,259.36686427127,2,Usado,139471.38328348845
Piura,213.23283920056056,3,Nuevo,457841.42823539895
Cusco,269.15454296495636,2,Usado,288525.64164208365
Arequipa,69.92404338547232,2,Nuevo,453504.2695866035
Trujillo,160.7236996988891,5,Nuevo,433365.61973486526
Cusco,161.20311918247035,3,Nuevo,221479.40390421165
Piura,264.47730020297433,1,Usado,483619.97590193397
Trujillo,136.91330890434722,4,Nuevo,260018.32902290137
Cusco,274.9797385786459,4,Usado,476799.3804211951
Cusco,181.72316640823152,5,Usado,200403.3726284232
Lima,109.38327582406336,1,Nuevo,293013.1004488559
Cusco,116.68618786608965,3,Usado,389680.79908993334
Trujillo,254.50089191255032,2,Usado,338941.66874469875
Cusco,210.39845990640322,4,Nuevo,366972.5712712472
Lima,172.7475095626923,3,Usado,137272.80337145276
Cusco,276.8161038276604,5,Usado,124455.26299996415
Arequipa,89.85706832868807,2,Nuevo,351236.37488451134
Arequipa,175.5071689207863,5,Nuevo,303914.88225927413
Arequipa,214.1191514366067,2,Nuevo,242346.95939621932
Cusco,285.956764956232,2,Nuevo,489205.26879902004
Trujillo,53.871770607211275,4,Nuevo,216433.96933465477
Arequipa,119.42829959186489,5,Nuevo,448278.01441758714
Trujillo,60.20141735541305,3,Usado,263083.0479513592
Cusco,251.8581710840362,3,Nuevo,261523.14700839398
Cusco,248.38742134446306,4,Usado,251067.24683314635
Trujillo,178.7697671469964,1,Usado,286120.7198051445
Trujillo,197.47835040691666,2,Usado,336705.3041069894
Arequipa,209.18910321731335,2,Nuevo,113896.66699088208
Piura,158.0898946314135,3,Nuevo,400103.9487137934
Lima,146.33517570741674,3,Usado,417969.04454569315
Trujillo,216.92260711483985,1,Usado,103030.15638075506
Arequipa,133.4529776234133,5,Nuevo,228681.27197429776
Trujillo,226.94667594629465,1,Usado,482797.41435105464
Arequipa,296.27103648032676,5,Usado,172117.07878377516
Arequipa,298.0958236135576,5,Nuevo,319781.6241021805
Trujillo,142.2401574689108,4,Nuevo,121112.63784308587
Cusco,119.53983951059523,4,Usado,302939.0758602126
Trujillo,188.5038691361588,5,Usado,415685.79084959574
Cusco,128.56527929387192,5,Nuevo,477635.64545384503
Trujillo,256.21453716249164,5,Usado,118691.69407539886
Trujillo,279.8995354480994,1,Nuevo,277783.8496004069
Trujillo,226.09732540494832,4,Nuevo,393964.1186287953
Trujillo,235.34561497559034,1,Nuevo,494115.11275099963
Lima,153.22231055082472,4,Usado,203491.33231290156
Lima,67.52568650039788,2,Usado,360597.86565854383
Piura,260.91248482818605,2,Usado,207598.08126816002
Piura,186.31656671881606,3,Usado,173496.29852135008
Lima,205.48267828093853,4,Nuevo,381068.28624565015
Lima,214.13141347466384,4,Usado,106949.2704639877
Piura,190.931771136701,5,Nuevo,462150.0386474438
Cusco,52.44218862810144,3,Nuevo,157879.00628898526
Arequipa,105.37805393083747,2,Usado,374952.1472040408
Cusco,99.58414377469417,2,Nuevo,246592.3291644097
Piura,159.64556703754482,1,Nuevo,180407.10893408157
Cusco,226.1339234278934,2,Usado,134256.02748958144
Trujillo,250.8591082877876,1,Nuevo,136008.7810578195
Piura,266.5815315091939,1,Usado,460903.3758944146
Arequipa,155.7230777720386,1,Usado,161313.73730295655
Arequipa,169.32076104977483,2,Nuevo,473850.85821317707
Piura,149.6440166023064,4,Usado,467463.2118232007
Trujillo,68.4443554464166,5,Nuevo,379530.9509434095
Lima,119.45630480771167,5,Nuevo,386906.58184640825
Trujillo,143.99646981729384,1,Usado,365038.4697974415
Trujillo,100.21023379855022,4,Usado,290928.2114845576
Arequipa,202.90401017316674,3,Usado,314650.95131896983
Cusco,270.9852126348734,2,Usado,210525.9477472354
Cusco,252.4414015168568,2,Usado,351200.7975629313
Cusco,192.13575910360362,5,Nuevo,315672.24015770364
Arequipa,232.39312134256105,1,Nuevo,184430.93754943067
Arequipa,172.2548306870449,4,Usado,264580.8305778437
Arequipa,172.09021462741367,4,Nuevo,280711.46253782336
Lima,210.81631249069665,2,Nuevo,294008.3592179797
Lima,249.54876427568047,4,Nuevo,296708.0439156594
Cusco,262.238724236698,4,Usado,437342.20263703505
Trujillo,257.08687044393105,2,Nuevo,233533.4942478486
Trujillo,148.47216937648665,4,Usado,133101.3011821148
Trujillo,246.00040687817093,4,Usado,124635.22574261102
Cusco,163.4228576815317,5,Usado,244474.63272232248
Trujillo,149.6218252386318,2,Nuevo,430919.93127914704
Cusco,295.4975812212832,1,Usado,396484.9380165965
Arequipa,70.03755713678584,1,Nuevo,363510.98814972024
Piura,156.33594480452763,5,Nuevo,406103.6523762815
Cusco,286.4819423161799,2,Usado,170128.37004422734
Lima,230.22138613495994,5,Nuevo,239710.8333766207
Cusco,162.3705622472583,1,Usado,351200.7371623688
Piura,119.23942854453252,2,Usado,177648.18995732465
Arequipa,50.09383173813937,2,Nuevo,205790.20177467598
Lima,198.84158163813095,5,Nuevo,258979.86884658478
Cusco,87.9439821601897,2,Nuevo,193564.08892416878
Arequipa,127.38702123880611,2,Nuevo,284771.102149957
Piura,152.36582214812535,4,Nuevo,324843.8200935185
Piura,129.00390383260606,1,Nuevo,389903.3394465718
Piura,225.58580614755812,3,Usado,126219.57762385567
Trujillo,221.17004668562555,5,Nuevo,373486.540380312
Trujillo,173.13886387348646,4,Nuevo,423805.60061783425
Cusco,186.54663916315639,2,Nuevo,266856.4493708453
Piura,266.33624285481886,3,Usado,183412.3835647792
Lima,237.24490855226966,2,Nuevo,462633.98444440635
Piura,112.08791091337764,3,Usado,438846.1353304322
Lima,113.05921402689049,5,Nuevo,210880.22245926235
Lima,174.38704826726988,5,Usado,403675.0393590206
Lima,149.26908315953693,2,Usado,366989.1241723127
Cusco,116.25642268137108,1,Nuevo,404522.63205792604
Lima,133.97488143262228,2,Usado,206625.76436134987
Piura,104.81652614552758,3,Usado,463575.28072820633
Trujillo,147.7204264915582,4,Nuevo,218539.6781895046
Arequipa,116.80902078019707,1,Nuevo,171296.05883757374
Piura,299.669754183244,3,Usado,368013.4142649585
Lima,55.787832115739214,1,Nuevo,274558.5109695302
Cusco,177.6075711140608,1,Usado,172821.7573828768
Arequipa,166.8828444309292,5,Nuevo,140580.22095704175
Arequipa,147.2509682024492,1,Nuevo,151341.81893650017
Arequipa,85.41429072697144,5,Usado,472349.0629870362
Arequipa,61.8035092722949,4,Usado,461382.60627820616
Trujillo,297.4517021933244,1,Nuevo,151408.29937599358
Arequipa,246.80428148075234,4,Nuevo,432043.6630829941
Cusco,159.9522208966933,2,Usado,322015.35368943954
Lima,217.84520263836873,1,Nuevo,127788.33701206054
Piura,124.4280217624809,1,Nuevo,142643.7818610171
Cusco,159.24264090812815,3,Usado,334831.9345669475
Cusco,262.6964386488667,2,Nuevo,131538.1233746768
Arequipa,193.8556774298285,1,Usado,109042.71323285215
Lima,177.1937568683378,2,Usado,470622.21657332184
Trujillo,265.4168020781216,2,Usado,102454.38020601521
Cusco,255.37829933414952,5,Nuevo,261780.6949033115
Trujillo,62.038935283195215,1,Usado,316712.0222147264
Trujillo,153.03404589243587,3,Usado,366365.256486467
Trujillo,269.44171316956385,4,Nuevo,179879.6164138083
Cusco,181.20741784252272,1,Usado,302006.5213343796
Cusco,227.73623873391162,5,Nuevo,130787.76465878179
Cusco,297.49548373111134,2,Usado,157330.26578579255
Trujillo,106.13762926551996,1,Nuevo,349737.9071101881
Cusco,281.3115931086986,3,Usado,338546.82093025115
Cusco,219.94543093921922,4,Nuevo,423934.5884062634
Arequipa,152.56791407934008,5,Nuevo,294377.4637946849
Cusco,123.07218251690878,1,Nuevo,221357.11705611018
Lima,258.49948272120514,1,Nuevo,260441.45948402822
Lima,98.35988978483229,1,Nuevo,282985.0842418104
Piura,240.39859905208704,1,Nuevo,361647.7155687178
Arequipa,154.15572124338854,2,Nuevo,242766.1322521875
Trujillo,280.51049010502055,1,Nuevo,437365.2273904831
Lima,206.51259697908114,2,Nuevo,122692.89943464981
Piura,162.59502741504758,5,Nuevo,421558.70295136183
Arequipa,260.0073891156983,5,Usado,131516.6241375279
Arequipa,150.52493822952079,1,Nuevo,169367.25365879002
Cusco,208.3963095912597,2,Usado,306192.4176624995
Lima,197.44246485329955,2,Nuevo,142433.13660910132
Lima,260.654130757718,2,Nuevo,308547.34627417626
Arequipa,101.41712437641316,5,Nuevo,189775.7928822906
Piura,158.77582084196402,5,Usado,275057.874951752
Cusco,270.92446149603586,4,Nuevo,403680.87885709724
Cusco,232.17684907192162,5,Usado,450977.2088072117
Trujillo,200.62407231248935,3,Nuevo,376938.2220791473
Arequipa,226.57338372192106,1,Nuevo,256404.96922432602
Piura,121.61195717007942,1,Nuevo,455426.42297951074
Arequipa,155.74654078551913,5,Nuevo,244506.51633345784
Cusco,132.2492129315525,2,Usado,414726.3944200364
Lima,281.26652681900623,1,Nuevo,480733.9275856842
Trujillo,299.34424112666204,5,Nuevo,149514.21398023597
Cusco,266.174255069261,4,Usado,453005.821603984
Trujillo,235.438742602258,3,Nuevo,388499.2775937419
Lima,271.6544165593931,3,Usado,409481.70833029266
Lima,91.24975122172032,4,Nuevo,421838.10614999733
Cusco,176.11745327111942,5,Usado,204926.35203571076
Piura,224.57274420422047,1,Usado,377995.5934372908
Trujillo,69.20325443026752,5,Usado,425705.480818358
Arequipa,247.2489922743527,5,Usado,432102.19867190084
Arequipa,94.8359121365833,3,Nuevo,412524.8536263344
Lima,128.7424381522163,4,Nuevo,307285.807187277
Arequipa,217.72138275231154,3,Nuevo,190668.090658341
Trujillo,85.15565342227274,2,Nuevo,367080.71379237337
Arequipa,211.85538315189226,3,Nuevo,335110.3670554416
Lima,118.23652113972526,5,Nuevo,170175.07881034602
Arequipa,239.22621460477316,4,Nuevo,279016.98225089
Cusco,158.16112052738927,4,Nuevo,400623.97563030414
Lima,270.6162775199087,1,Nuevo,348932.54850871733
Trujillo,73.30742103146675,2,Usado,123367.67014363699
Cusco,80.77452351643178,2,Nuevo,349760.30051837256
Trujillo,52.396236566008376,2,Usado,429597.93726551847
Lima,54.40308557720423,5,Usado,253411.4552483266
Arequipa,52.87651346052167,1,Usado,271641.7950252064
Trujillo,253.62675362750397,2,Nuevo,336256.9549350985
Trujillo,181.9263439589805,1,Nuevo,159665.21310076778
Piura,166.8621275104412,3,Nuevo,360287.8395255015
Lima,221.51319210860197,2,Usado,160970.2064257658
Lima,267.558537933279,3,Nuevo,422102.9239522696
Lima,270.404991692516,1,Nuevo,393602.98001629853
Trujillo,78.91059776998995,4,Usado,122386.09329960385
Cusco,175.1232646794566,4,Usado,494620.0384856422
Lima,284.6942344513843,4,Usado,433312.8501760945
Arequipa,55.26884555589272,3,Nuevo,350534.6047387365
Cusco,101.93324762843577,5,Nuevo,382635.6886133122
Trujillo,286.06161922121237,4,Nuevo,213138.1974400913
Lima,218.9008364256526,5,Nuevo,358179.5412520992
Piura,252.71722398056517,4,Usado,445037.2532922045
Lima,147.9331892207514,3,Usado,308248.95007938374
Piura,170.9802705088061,3,Nuevo,204992.64944254985
Cusco,255.6604438264112,2,Usado,443830.7136785546
Trujillo,87.87152064558394,3,Usado,283079.56523316354
Cusco,235.50831664258973,3,Nuevo,443834.70582456514
Lima,146.97995696131395,2,Nuevo,107336.13082009094
Lima,189.9297660046541,4,Nuevo,137392.82285531305
Cusco,127.11109488825963,3,Nuevo,180334.98239813343
Piura,101.90311451169202,3,Usado,323052.56630947674
Cusco,221.61520919340725,5,Usado,119421.52235942744
Piura,167.9979476492372,1,Usado,226620.59930655232
Trujillo,182.84019725934095,3,Nuevo,484302.50474696094
Piura,97.46017133862168,1,Usado,470920.0433015376
Lima,113.31714375646469,4,Usado,378909.1851777649
Lima,247.4275956278063,2,Nuevo,433556.5116900807
Piura,119.53474888051537,4,Usado,117399.49693893656
Lima,257.0631184287371,5,Usado,350482.5639273003
Trujillo,266.44464507952637,3,Usado,198423.07389839276
Cusco,76.76577747432171,4,Usado,172730.95418928954
Piura,124.2019871134848,2,Usado,227607.22321628153
Arequipa,180.21984700003094,1,Nuevo,380136.4987884814
Lima,102.19247752377728,4,Nuevo,255979.85527432532
Lima,109.38837618839659,5,Usado,242421.53783008814
Cusco,177.4391582243812,3,Usado,454614.2994163666
Cusco,176.4507175867362,3,Nuevo,261231.99200182423
Piura,67.1733265660669,5,Usado,355999.86024019826
Arequipa,72.59614266112317,5,Usado,412395.1217491161
Trujillo,268.4962573967226,1,Usado,327470.11735760473
Arequipa,102.47353817410263,3,Usado,123937.59375113041
Arequipa,171.35964653923727,1,Usado,485385.70879004453
Arequipa,166.7603657926183,1,Nuevo,361676.3094919831
Trujillo,198.6812591692632,4,Nuevo,498828.9076856238
Cusco,107.92633648971963,2,Usado,201854.0883799239
Trujillo,236.408758169756,2,Usado,264807.83321513416
Cusco,124.49083269587473,4,Nuevo,291626.6186857794
Trujillo,118.57319020518452,1,Nuevo,491814.0013283939
Arequipa,261.9870204818433,4,Nuevo,157795.768325397
Trujillo,148.857725699678,2,Usado,219235.82147842867
Cusco,73.60272002576997,4,Nuevo,339080.80505494203
Cusco,162.3391209238423,3,Usado,396144.6926886523
Lima,215.47705737892488,4,Usado,407544.2118506951
Lima,121.3918911828379,1,Nuevo,457157.09521036065
Arequipa,297.0056564091825,1,Usado,404503.12985774287
Trujillo,173.24826784764434,1,Nuevo,111146.57848303579
Arequipa,135.0127546843316,1,Nuevo,162965.9805853867
Cusco,274.4446011585462,5,Usado,383139.5807490247
Trujillo,245.96955437109457,3,Usado,489779.2103764425
Arequipa,169.63111696433748,4,Usado,140257.15745778804
Arequipa,71.51793799355816,4,Usado,137290.32576897962
Cusco,220.89428229876413,3,Nuevo,480711.7872916911
Cusco,162.24501360106396,4,Nuevo,431239.42783073656
Arequipa,112.8138864515404,2,Usado,134251.88875505282
Piura,80.35285689948321,4,Nuevo,353293.99550138233
Piura,297.1713380107451,2,Usado,169925.45994129614
Arequipa,64.32203984491134,3,Nuevo,203353.73825676073
Trujillo,130.61340121463581,5,Usado,418562.8995249908
Piura,215.00722191985707,2,Nuevo,333258.06630909967
Lima,236.31304295398533,4,Usado,286785.67745236144
Arequipa,289.0197661626313,4,Usado,117231.03476487543
Lima,159.6250339919024,2,Nuevo,274271.4931871686
Arequipa,295.2873066212851,4,Nuevo,258647.9492937678
Piura,117.12359926594993,5,Nuevo,328431.6382589942
Trujillo,131.34462006103303,5,Usado,211357.5318693426
Trujillo,81.67593756376891,3,Nuevo,108426.78324811193
Lima,62.66247951255276,1,Usado,262385.7490396016
Lima,81.56558755032287,5,Nuevo,146395.16395192646
Arequipa,50.53584248427762,2,Nuevo,174556.27567729325
Lima,238.16395867029703,4,Nuevo,139789.6404557749
Lima,235.04011228909013,1,Nuevo,413600.6639801189
Piura,55.483006587364,2,Nuevo,313645.69442858844
Trujillo,214.9840993030731,1,Usado,107741.47989012054
Arequipa,107.89772306390353,1,Nuevo,474069.05680573714
Piura,188.65114467612227,1,Usado,273784.18979909155
Trujillo,89.70363077711056,5,Nuevo,183764.69349541352
Trujillo,231.05988263100696,4,Usado,251130.77260965123
Cusco,193.4400292777873,1,Nuevo,207723.2332170048
Cusco,282.0638405506485,1,Usado,346354.93590072094
Lima,249.1695440431519,3,Usado,100258.27330365211
Lima,212.93466438325862,4,Nuevo,334762.9844327991
Cusco,148.26635354180266,5,Usado,354212.0765320633
Piura,283.2691676056715,4,Nuevo,436981.9843467167
Arequipa,190.03410997386615,5,Usado,185480.12622797175
Piura,210.801771488127,1,Usado,327034.20249233616
Trujillo,109.33429668215007,4,Usado,295207.1656842054
Trujillo,181.9822425325213,5,Usado,160623.0507619895
Piura,219.26580848449416,4,Usado,262243.7784019101
Lima,153.97628701516896,2,Nuevo,454731.2699389473
Trujillo,65.83981627896267,4,Usado,453113.565606675
Piura,200.62057639536056,3,Nuevo,269976.66451288195
Cusco,277.40564913779446,3,Usado,413673.57002726186
Arequipa,141.82948590081352,5,Nuevo,482826.9581483403
Piura,145.89342353901208,3,Nuevo,206006.44765031652
Arequipa,256.5370722278998,5,Nuevo,357936.5305333466
Lima,207.67788238807648,1,Usado,360653.85382910207
Piura,265.35366063626464,5,Usado,219966.43749735644
Lima,103.40341106770038,4,Nuevo,437222.8840683189
Trujillo,199.66095406554285,4,Nuevo,359956.2372091563
Arequipa,153.48211547293198,2,Usado,453995.12236819376
Arequipa,250.38816245052675,1,Usado,446785.9536638088
Trujillo,170.2212647611254,3,Nuevo,306446.8357926141
Piura,154.8999827743325,3,Nuevo,381295.5282643752
Cusco,166.18486303843912,1,Usado,149082.9593533113
Cusco,175.07178293829224,4,Nuevo,484023.5502035872
Arequipa,79.19780119543572,5,Usado,271522.33045826317
Piura,280.2574462689046,2,Nuevo,230026.71799831762
Arequipa,170.96596806652022,4,Nuevo,211933.36314937298
Arequipa,213.61038410049667,4,Nuevo,243375.16911596508
Lima,72.15047038821363,5,Nuevo,311695.3272437691
Cusco,111.36247319406304,1,Nuevo,288449.8922210488
Piura,100.98920915175562,5,Nuevo,251448.45872444668
Arequipa,72.99416580024472,4,Usado,258844.9036223889
Piura,274.95987377695735,4,Usado,302143.09484405594
Piura,133.67562743491828,4,Usado,350750.17740260705
Piura,117.92473158852363,5,Usado,166223.71218171393
Cusco,83.92732913348829,4,Nuevo,332262.248898113
Trujillo,257.8442433554453,4,Nuevo,475012.3392979486
Cusco,110.70691900725197,2,Nuevo,490152.1787287837
Piura,101.82739426888676,2,Nuevo,473314.7064593796
Cusco,55.53811200499765,4,Usado,194081.23994389176
Lima,249.9969648709649,2,Nuevo,155065.13424257183
Cusco,105.38870135466439,2,Usado,259304.65041935773
Piura,186.65584424111478,1,Nuevo,391940.53518906847
Cusco,214.45093889423575,1,Nuevo,227384.5388856511
Lima,73.5886778891124,3,Usado,290184.56266225706
Lima,133.71231100652386,1,Nuevo,290991.7027815882
Cusco,267.429039960163,5,Usado,113356.71608619129
Piura,138.06589379196538,2,Usado,469323.6545069308
Piura,175.00121036312981,3,Nuevo,139449.49691675985
Arequipa,244.24208971035975,2,Usado,130467.36176355739
Piura,295.8978313937806,3,Nuevo,329521.3138910101
Trujillo,119.7099758100016,4,Nuevo,255623.88486803696
Piura,75.4779987957034,1,Nuevo,342208.52173497534
Trujillo,123.03671639939041,3,Usado,277181.0664233796
Trujillo,174.6924961962843,2,Usado,325343.47309443366
Arequipa,277.55012378278377,3,Usado,231814.0101437752
Arequipa,55.16685895059421,2,Nuevo,245387.00953854664
Piura,131.18922419274662,5,Nuevo,387853.9382981948
Piura,194.6507970747791,5,Nuevo,270065.7863195705
Trujillo,189.46622625307114,2,Nuevo,431465.7102711816
Arequipa,240.3144288995963,5,Usado,270877.72564832174
Arequipa,53.364795559166886,3,Nuevo,181750.83175718389
Piura,235.83410579496194,3,Nuevo,473617.44438842736
Lima,152.1755038464231,5,Nuevo,493787.53767815116
Lima,253.12685160440492,1,Usado,435518.6539342266
Lima,203.0532881519918,1,Nuevo,320830.68389210675
Arequipa,51.692772709194465,3,Nuevo,234780.5858365554
Lima,111.2894200922619,2,Nuevo,221162.69343143702
Lima,192.65291441496532,1,Nuevo,317452.59339055035
Piura,83.90808646046442,3,Usado,409713.5690428785
Piura,222.8941364823417,5,Usado,465353.4091459087
Cusco,128.50361648956778,5,Usado,274218.1570628445
Lima,103.43722297879836,2,Nuevo,360817.82265228475
Trujillo,285.0174090679907,4,Nuevo,266329.6716312651
Lima,105.4474409305555,3,Nuevo,285156.804633223
Lima,94.55730732892596,5,Usado,199616.6298573551
Lima,165.99380467051498,4,Nuevo,424769.02720777795
Lima,123.24155195523858,3,Nuevo,388075.33910267276
Piura,147.13000050439467,2,Usado,370727.95708275697
Piura,261.8421835985964,1,Usado,361038.53568350675
Lima,292.9136215683698,4,Usado,396585.2158437787
Cusco,91.0848150901734,4,Nuevo,456412.4616837986
Cusco,173.1382124813183,4,Usado,454580.0730810532
Lima,214.7297074294103,1,Usado,432309.18521805486
Trujillo,54.2543902039531,1,Nuevo,466211.50660142157
Piura,234.33786705763188,1,Nuevo,168855.35094772655
Arequipa,154.6162132233935,5,Usado,490892.28791172645
Trujillo,210.98524388765108,2,Usado,188889.27592938382
Piura,208.40047620914746,5,Nuevo,261353.93870704976
Arequipa,68.65304314349791,1,Nuevo,472370.89182324853
Cusco,241.17106672245228,3,Nuevo,154741.13240533206
Cusco,108.41062674769412,2,Nuevo,349224.63078616664
Piura,262.8786083717732,5,Nuevo,440161.0560853838
Piura,227.35158096683963,4,Usado,415260.06692994095
Arequipa,241.67034424472607,2,Usado,351951.8171863922
Cusco,278.8631828299591,2,Usado,101129.56387928368
Trujillo,125.47770451546046,2,Usado,226353.89094931728
Cusco,78.107349044242,5,Nuevo,268572.66208808275
Arequipa,74.71487851509693,4,Usado,237735.5691905712
Cusco,78.75085723485566,4,Usado,136244.6376745575
Trujillo,149.23024521916733,5,Usado,317332.54126743786
Cusco,248.400678153341,2,Usado,219992.6339336586
Trujillo,210.1554915481777,4,Usado,153396.25291965407
Lima,272.29337477916545,5,Usado,461619.4675145077
Trujillo,223.2767904860815,4,Usado,172485.28898808692
Trujillo,241.25292244003566,2,Usado,429890.44923508307
Piura,229.18536845414727,5,Usado,399100.2594758113
Cusco,233.88150869806972,5,Usado,456327.7572718043
Cusco,190.04101049238764,5,Usado,281192.3552030234
Piura,289.2741601605569,3,Nuevo,131169.1377328813
Cusco,124.83325132613766,4,Nuevo,113985.64370347856
Lima,217.6688745737099,4,Usado,250161.8496012693
Arequipa,107.11922064476798,1,Nuevo,366175.4362137275
Cusco,149.6340917297146,4,Usado,480835.1783513295
Trujillo,64.19622763235235,5,Nuevo,111143.74669825376
Lima,129.64277671043612,5,Nuevo,488340.766773053
Trujillo,61.87193920646662,5,Usado,155247.62852645115
Trujillo,67.4193846292614,5,Nuevo,102910.37363504212
Lima,165.2629952723143,1,Usado,370794.06842748576
Lima,137.3432090669202,4,Usado,214480.2765376052
Cusco,107.74815673879112,4,Usado,327779.94877777214
Arequipa,128.42513541228544,3,Usado,414177.95430241036
Trujillo,285.20832085043776,4,Usado,268333.2748355314
Trujillo,231.66312722500888,3,Usado,311285.80549744284
Lima,241.913239226832,2,Usado,215436.86063371686
Arequipa,146.29664934611685,5,Usado,487993.09324200504
Trujillo,213.71185112035312,4,Usado,329477.0809011451
Lima,211.97624852566835,3,Nuevo,258567.5238148155
Cusco,160.20259974766716,4,Nuevo,186127.63603351632
Cusco,220.92637576552227,4,Usado,113890.33349066073
Piura,128.25855764175748,2,Usado,320614.78084462613
Piura,173.77524042178578,4,Nuevo,278822.59103573475
Cusco,166.71597125847333,2,Nuevo,339409.00840018614
Lima,286.2520675205857,2,Usado,371148.6647832637
Lima,297.90749156820476,5,Usado,423360.9985532983
Piura,52.22866435362834,2,Usado,215780.4862960328
Arequipa,207.01207864476427,3,Nuevo,193199.48926394712
Cusco,161.32284545105296,3,Nuevo,428197.0249054688
Arequipa,51.8389824993281,2,Usado,197547.37123237795
Piura,201.7839235473735,1,Nuevo,439661.0079088731
Arequipa,132.3808220657451,2,Usado,226910.26421780966
Lima,225.40569972659773,1,Nuevo,352518.71536370955
Trujillo,214.6075139566351,4,Usado,194927.31209250534
Trujillo,108.0280736210818,1,Usado,377566.1378678599
Arequipa,84.92780767042156,3,Usado,268132.04554251273
Trujillo,113.79358044082505,3,Usado,444662.3752058114
Arequipa,82.07595476610766,2,Nuevo,455087.2415472297
Cusco,196.61919808012428,1,Nuevo,325058.9945799706
Piura,204.8844783179769,2,Usado,373521.53805983777
Arequipa,59.69031987143684,2,Usado,456115.6133899559
Lima,222.14561751638792,2,Nuevo,475488.73620799877
Piura,267.11817931766836,2,Usado,108236.00391046723
Lima,292.9117339586576,3,Nuevo,484189.159656299
Trujillo,115.7315523432276,4,Usado,308137.8754851366
Cusco,238.21933035471125,3,Usado,161644.5252024483
Trujillo,181.1254559240081,3,Nuevo,378193.0434470049
Cusco,113.71715045889037,3,Usado,355746.25587582577
Arequipa,60.516927701301135,5,Nuevo,435204.2742339594
Piura,123.26304977395023,2,Usado,293758.87259782106
Lima,148.08100836894917,2,Usado,471976.7789669858
Arequipa,286.18592470181903,5,Usado,130760.32495146767
Lima,122.17717050837952,4,Nuevo,301461.70067660534
Cusco,298.5773264852038,3,Usado,225678.2436752228
Lima,278.69664415378986,1,Nuevo,244042.8004669833
Trujillo,149.9802967125291,2,Usado,434450.36403483327
Lima,95.99060276973398,1,Nuevo,426275.8085200259
Cusco,236.97883127961106,3,Usado,224049.0294935821
Lima,239.99188776187503,1,Usado,231435.64177717586
Piura,99.87540460259865,2,Nuevo,244406.08877761298
Cusco,122.95671819427419,3,Usado,376251.538031966
Piura,256.72675749786936,2,Usado,234536.07051293596
Arequipa,222.57926783644592,3,Nuevo,291818.44898438634
Piura,173.9461282660892,3,Nuevo,119794.57325608673
Arequipa,94.91457011379214,4,Nuevo,433368.12644727126
Cusco,291.11461255208144,3,Usado,499640.91375820676
Lima,241.53417842077113,4,Usado,334179.3898104712
Cusco,67.17068977920766,3,Usado,404237.0483814902
Trujillo,155.40508936478295,2,Nuevo,274565.75076869986
Cusco,77.01103097045373,5,Nuevo,445469.57508960593
Cusco,243.15398535326364,3,Usado,118819.09589875939
Trujillo,235.18514885541617,4,Usado,226997.16329973945
Trujillo,252.42503062766025,2,Nuevo,332982.16102502705
Cusco,71.29180371935921,3,Usado,219309.89288643832
Trujillo,81.06510995778153,5,Usado,302729.2694500993
Cusco,143.14119781786687,3,Nuevo,333167.96663444303
Cusco,149.85223895956207,5,Nuevo,359935.8268066515
Trujillo,238.1271539403673,2,Usado,489972.802625731
Arequipa,211.44018312137626,3,Nuevo,438374.8665027228
Trujillo,228.5894436213381,5,Nuevo,387015.8825374081
Lima,241.063434160059,1,Usado,207063.95748152054
Arequipa,241.704575903541,3,Nuevo,146447.1185520267
Lima,80.6709665485124,3,Nuevo,138176.0669897791
Trujillo,177.3248764842682,5,Usado,365918.7874602642
Trujillo,202.03176836200876,5,Nuevo,331038.2190582578
Cusco,138.30666324040288,2,Nuevo,230274.59419250445
Lima,202.7770603783182,5,Nuevo,195024.1726586657
Trujillo,107.9325389812793,1,Nuevo,367204.127421066
Trujillo,280.61180450931505,1,Nuevo,368453.2489334347
Trujillo,187.0062192254597,2,Nuevo,319146.44200969406
Lima,295.6992315359033,2,Nuevo,278362.9630206354
Trujillo,269.72429822868446,5,Usado,169724.97198276065
Piura,131.32890441171656,2,Nuevo,128385.0742893446
Piura,59.6681561847701,1,Usado,292575.4699805542
Trujillo,291.3605786928141,5,Usado,202894.66416662344
Arequipa,155.44868995153658,4,Nuevo,403569.8100169508
Lima,281.3565580690935,1,Usado,313970.68383432867
Cusco,253.68394798042686,3,Usado,119903.88384050874
Arequipa,207.71095352115307,1,Nuevo,385463.54518352926
Piura,135.20295263949322,2,Nuevo,371979.4175018655
Lima,243.66295093539213,5,Nuevo,461738.3417983161
Cusco,181.13310718178528,1,Usado,185101.2140549656
Piura,197.7158639810576,3,Usado,428323.8314543218
Trujillo,157.48509790360754,2,Usado,471792.4118369768
Trujillo,57.78676998979566,3,Nuevo,345095.56275886117
Cusco,132.94963741743803,2,Nuevo,394996.2566711926
Lima,114.54550339552476,3,Nuevo,123399.84705884004
Cusco,100.4818604436106,3,Usado,148210.86979672153
Cusco,186.9013409480768,4,Usado,128564.58535286723
Arequipa,93.6368503151284,1,Usado,408546.77375096333
Trujillo,103.13444450597174,3,Nuevo,298613.90794962924
Trujillo,108.42814574431024,1,Usado,107465.07311753022
Piura,168.13654015388215,5,Usado,421652.4625069255
Arequipa,292.956351859389,3,Nuevo,289228.6281128008
Trujillo,177.39207171684865,3,Usado,355594.6670841055
Arequipa,130.7257954184631,5,Usado,188206.28276293626
Lima,183.67706099564813,1,Usado,272661.2716940454
Arequipa,206.2488207551932,1,Nuevo,240962.0454583837
Trujillo,205.16457471252124,1,Usado,214594.12897875387
Cusco,230.16854661166158,3,Nuevo,498910.3150478688
Lima,165.57815624762623,2,Usado,255529.27201675283
Lima,296.6117809650102,4,Nuevo,236774.7586506391
Trujillo,95.81616018456779,4,Nuevo,345710.61150070827
Arequipa,59.90445913291113,4,Nuevo,220497.5247917996
Cusco,141.6321297045339,3,Nuevo,119540.83116987455
Trujillo,169.00357908340092,5,Usado,181915.38399303905
Lima,79.89374944496414,3,Usado,314491.33352633135
Lima,152.91392314529008,4,Nuevo,285222.64661931124
Lima,51.534982408131654,3,Usado,308453.62473796494
Lima,64.76225257521475,1,Nuevo,375969.71819499857
Lima,123.8246276507055,5,Usado,115246.379622889
Arequipa,260.85849581007824,5,Usado,402257.3732005515
Cusco,260.4839314607203,2,Usado,173708.16377884583
Arequipa,207.04592476298214,1,Nuevo,401318.48815849645
Cusco,124.48475690630748,4,Nuevo,109284.11580518929
Arequipa,170.6710571819857,2,Nuevo,375347.6678186328
Trujillo,282.43882784570104,3,Nuevo,332397.76526768133
Lima,69.53016619101305,2,Usado,468040.0395861649
Trujillo,114.08956528857915,4,Usado,334500.5024990465
Cusco,63.908019288711714,4,Usado,204464.3557801011
Cusco,88.04629401141128,5,Usado,221752.68700504565
Piura,89.7262675040127,5,Nuevo,292311.54792241217
Lima,134.08738216225706,1,Usado,354497.5550383957
Lima,225.87337319368322,1,Usado,455607.06761053693
Cusco,123.09031219476128,2,Usado,375590.63151767623
Piura,194.0479545450208,1,Usado,492671.4764868228
Lima,215.96877780870335,5,Nuevo,104152.36068889801
Lima,193.52246239492607,1,Nuevo,286712.9438729723
Trujillo,57.35376627915033,1,Usado,245050.0278713406
Arequipa,145.0063518153117,5,Nuevo,170842.7967666448
Piura,76.79287071463946,1,Nuevo,193694.82361849572
Cusco,107.03602810332029,3,Nuevo,190879.3919804911
Arequipa,217.17910325759263,5,Nuevo,428884.82931441104
Trujillo,200.6417021736729,3,Nuevo,333381.7248733542
Cusco,110.10399783307241,5,Nuevo,260477.07123153994
Cusco,120.09180520558833,3,Nuevo,307486.1906019449
Trujillo,96.70348328425001,2,Usado,439286.74657258525
Lima,150.84989041151198,5,Usado,309312.070345941
Lima,86.43504193454325,1,Usado,139439.2742348129
Arequipa,260.95438698846135,4,Nuevo,358215.9638771794
Piura,96.44503619162671,3,Usado,361292.4407062649
Lima,84.18863072127051,5,Usado,349309.442900129
Piura,108.280094453007,3,Usado,468749.27657154715
Cusco,141.42842720329708,2,Usado,184895.88965006382
Trujillo,253.29362323551388,3,Usado,498999.3222585721
Arequipa,278.57219664010864,2,Nuevo,127364.73276639191
Lima,189.09994347015572,2,Nuevo,411767.6454166499
Arequipa,249.15390281242455,1,Nuevo,345913.0491732531
Piura,223.8743932013689,3,Nuevo,416630.7067703132
Trujillo,63.61703167538009,4,Nuevo,241995.98061840568
Piura,233.27627863004653,5,Usado,498892.8761306117
Arequipa,266.3887482550077,2,Usado,150401.25263356438
Cusco,208.93222800246463,1,Usado,355192.0456210156
Cusco,89.86958263293505,3,Usado,485392.5000057278
Piura,298.0432602579249,4,Usado,351743.969388554
Trujillo,252.04066786038973,2,Nuevo,319149.2789173797
Piura,155.252455067663,5,Nuevo,270000.27858762455
Lima,246.85031385540006,3,Nuevo,369421.32045582053
Trujillo,181.908373663073,3,Usado,425697.8801626465
Trujillo,234.98181898379968,3,Usado,268601.5467469492
Piura,236.1960959531339,1,Nuevo,496007.8783180637
Trujillo,238.85395993003934,2,Usado,282589.3148691626
Cusco,55.992325753812146,5,Nuevo,213512.9305738999
Arequipa,52.802948037803645,5,Nuevo,339078.830597289
Cusco,296.17610304745403,4,Usado,127546.88146722177
Trujillo,235.25991411001414,1,Nuevo,179456.41846111417
Arequipa,256.7015666857046,1,Usado,228807.09143344965
Lima,82.8038033957111,4,Nuevo,416920.0747195467
Piura,129.74958656712045,2,Usado,174214.1040211228
Trujillo,297.2646124265084,1,Nuevo,345868.22606615815
Piura,59.080050300665135,1,Nuevo,493142.05739907525
Arequipa,223.69944080585256,4,Nuevo,400239.0197832384
Piura,91.15032455010211,3,Usado,290184.1865782094
Trujillo,144.00617684666605,3,Nuevo,424864.50070772116
Trujillo,280.64771873737084,5,Usado,148313.77408565732
Cusco,172.1099760168738,4,Usado,335557.4581584851
Piura,238.73254881901556,3,Usado,252116.99792166718
Piura,68.01823293234098,3,Nuevo,463347.7611559988
Cusco,143.3430280025027,3,Usado,224227.23570968938
Cusco,53.83759397183584,1,Usado,375393.5921331035
Piura,269.7534602067515,5,Nuevo,193194.8985107924
Arequipa,234.40531613435854,2,Nuevo,401332.9662160953
Arequipa,82.49653209202152,4,Usado,491551.1568627029
Lima,160.1896613285758,2,Usado,285426.21652845974
Cusco,80.38435108565915,1,Nuevo,454997.6556382056
Arequipa,194.8398583857218,3,Usado,239739.78226412286
Trujillo,274.51938184546685,5,Nuevo,253625.3676237179
Trujillo,292.0065968277438,2,Nuevo,145969.37209510553
Cusco,167.27392447263645,2,Usado,475962.56449520047
Trujillo,257.2082332099417,1,Usado,307073.527187238
Lima,242.07279023119727,3,Usado,273245.73201257794
Trujillo,53.10218219949415,2,Usado,127178.98093388954
Lima,93.00454655603173,2,Nuevo,129775.36739169774
Piura,105.97095020032069,2,Nuevo,215213.16438262534
Trujillo,72.51386007057133,1,Nuevo,441898.2589455861
Trujillo,120.8182587921149,4,Nuevo,476781.19083457097
Arequipa,135.2552061917284,3,Usado,385174.9090807353
Piura,156.82606460356817,5,Usado,446709.70967141294
Cusco,279.04730419255,1,Usado,420538.46249832766
Cusco,178.3797044194643,1,Usado,490391.9544425242
Lima,84.04157293728863,2,Usado,259380.70574165674
Trujillo,172.44538505678855,3,Nuevo,432072.5636458714
Trujillo,178.39264197619534,5,Usado,466577.44380746776
Trujillo,127.99864604511575,3,Nuevo,422821.2740822204
Arequipa,199.08430602618262,1,Usado,444652.70755297726
Cusco,126.70123168503635,1,Usado,100550.59933755377
Trujillo,120.52830677214695,3,Usado,384550.4730575139
Piura,268.5304029564125,1,Usado,270817.29717778263
Cusco,151.65910183345318,4,Usado,189531.35047905185
Piura,177.30200250077837,2,Nuevo,449289.14837058133
Piura,204.32270146333417,3,Nuevo,295426.48266418616
Lima,204.45076802411444,1,Usado,103356.36486317226
Lima,203.89986287457847,3,Nuevo,171504.41056627413
Arequipa,241.54704853154152,1,Usado,151672.63012325796
Arequipa,120.88527678479012,5,Usado,461263.88452016475
Arequipa,248.46718920036975,2,Usado,389183.89710271824
Lima,185.36318817818122,3,Nuevo,279585.1948686928
Trujillo,272.8563881850276,3,Nuevo,236487.41364668452
Cusco,284.1378509225283,3,Nuevo,102629.46468839362
Cusco,67.00622748467792,3,Nuevo,214160.10922085616
Lima,155.3947930217726,5,Usado,365017.4877667638
Arequipa,270.0025128232086,1,Nuevo,381681.45875647594
Arequipa,165.17378355631283,3,Nuevo,424798.7823249944
Cusco,277.7107897262309,4,Nuevo,270580.98897681845
Trujillo,54.124872641439374,3,Usado,416813.20029481704
Trujillo,186.9230574684281,4,Usado,450895.8215993098
Trujillo,123.0572826205898,4,Usado,130711.01323344343
Piura,104.71632580248314,1,Nuevo,126759.6006042849
Lima,159.01955538369475,3,Usado,474438.05916351563
Cusco,299.0949941675465,2,Usado,204425.7703684125
Piura,116.96064850916189,1,Nuevo,297152.1841004358
Arequipa,266.30518155566267,5,Usado,107673.70172274555
Lima,106.10551498732374,4,Usado,235426.33982481353
Lima,233.6453000532934,3,Nuevo,287062.59389844397
Trujillo,127.52835680253425,4,Nuevo,250756.35624838175
Arequipa,63.64277838375022,2,Nuevo,120303.73292738186
Piura,271.2988535414284,5,Nuevo,375632.8776229421
Cusco,181.55958180659465,3,Usado,400696.39164568804
Lima,287.58288746379395,3,Nuevo,479408.66331372043
Piura,228.1177169158119,2,Usado,309799.08205381775
Trujillo,102.71939847817589,4,Nuevo,115712.50770901749
Arequipa,216.3162533788187,3,Nuevo,150829.4307388319
Lima,235.88802306586857,1,Usado,455827.42705594416
Piura,268.42333138970946,4,Usado,451333.63719271164
Lima,242.35505736485715,1,Nuevo,446187.31199702533
Lima,218.9034507886292,5,Nuevo,192382.9980389735
Lima,106.71535215882243,5,Usado,129013.19685890913
Cusco,60.831853233452954,4,Nuevo,164374.6526707932
Trujillo,108.64948106591747,4,Usado,252448.605334776
Piura,127.7699927581769,1,Nuevo,375058.3505381256
Arequipa,170.4037029665028,1,Usado,370680.69602455973
Piura,157.86567893632065,1,Nuevo,377052.3859441974
Trujillo,126.26348623320465,1,Nuevo,266958.0380334954
Piura,213.20344681568218,5,Nuevo,220945.44760876213
Trujillo,107.49400717973074,2,Nuevo,368697.61288436415
Lima,257.3784433486427,5,Usado,482632.879228571
Piura,265.6300046397348,3,Usado,370899.3959174794
Cusco,260.1052426819082,5,Usado,344258.1341703214
Cusco,74.58491871070309,5,Nuevo,305399.2038510298
Lima,248.12698132800062,5,Usado,415959.1488976555
Arequipa,241.19610393870926,5,Nuevo,408962.82404885767
Lima,182.3732393427478,4,Usado,325984.6303700789
Trujillo,209.54214792645936,5,Nuevo,136435.19498351106
Piura,265.0196398005886,3,Usado,292641.9068236824
Cusco,62.53077708093375,4,Nuevo,377393.28446921817
Trujillo,147.9128087193654,4,Usado,113341.37335900034
Lima,115.2913309003775,4,Nuevo,258453.7313797272
Cusco,144.9843335128199,3,Usado,136869.42187170513
Trujillo,63.17598808914183,4,Usado,149086.5755289377
Lima,221.55291522674665,5,Usado,424800.71238534077
Lima,285.16941080933,2,Usado,376443.16460767033
Arequipa,127.02865391339684,3,Nuevo,368075.6013686354
Cusco,276.5777212212005,5,Nuevo,482181.22345648886
Trujillo,91.02365098998303,1,Usado,346436.26866214094
Arequipa,86.65825192195013,4,Nuevo,439320.9923907491
Piura,186.24841083472634,2,Nuevo,250847.79254363355
Arequipa,120.2979830690717,1,Nuevo,168234.59115281544
Lima,188.94401904698623,1,Usado,354512.2393344831
Piura,150.8780575141097,1,Nuevo,421700.4487360962
Lima,275.40200951172386,1,Nuevo,159984.73820082383
Trujillo,84.11143540906181,1,Nuevo,219358.78268830935
Arequipa,147.2604543797695,1,Usado,234774.75796091722
Trujillo,243.16072620206464,1,Usado,434572.254270018
Arequipa,89.17974890832298,4,Usado,109261.54757541973
Trujillo,186.58628953194315,2,Nuevo,410985.5980214762
Lima,232.81821931132822,1,Nuevo,214322.6537880199
Piura,180.6746706295441,1,Nuevo,194684.7564380173
Piura,275.7533275283688,4,Nuevo,315974.95677133184
Piura,160.93923405644586,4,Nuevo,221547.7531716518
Lima,112.49891386270914,4,Nuevo,410563.72775277216
Trujillo,127.64768234000391,1,Usado,408112.16726885946
Lima,251.03259140896824,2,Usado,243871.79661133827
Trujillo,258.81493427592613,4,Nuevo,399277.93453830545
Trujillo,230.15701613764972,2,Usado,210217.82234113547
Lima,84.07582412432672,4,Usado,285719.67993196787
Trujillo,173.5250261057009,3,Usado,431830.76812623977
Piura,242.25801286139284,2,Nuevo,222166.9779285806
Trujillo,74.91432212369645,1,Usado,152153.58595728726
Trujillo,168.99223913572482,4,Nuevo,156287.03604817274
Cusco,270.18224661255834,3,Nuevo,165519.8191665511
Piura,81.57554066944854,4,Nuevo,263287.09470629843
Piura,173.171900194187,5,Usado,310932.57058934425
Arequipa,90.69095452427291,3,Nuevo,398243.87115095876
Cusco,265.4523865139422,3,Nuevo,154172.05020117003
Piura,92.48017982256485,3,Usado,457768.4898593028
Cusco,65.72512100978985,5,Usado,469919.8908357961
Piura,100.39886938654908,3,Usado,404110.58103081625
Arequipa,183.98811802101736,4,Usado,222464.66855574155
Lima,270.20973615979597,5,Usado,195843.56630038688
Cusco,75.84478918606726,4,Nuevo,229220.95414824114
Cusco,299.1677935446198,5,Nuevo,401266.2080668232
Arequipa,289.37016908201565,3,Nuevo,294155.7680256758
Trujillo,75.46826182186996,5,Nuevo,439128.12560217746
Lima,277.89483479896217,1,Usado,132533.88159904332
Cusco,296.93577857983007,3,Usado,462009.6147501103
Lima,288.510885606895,3,Nuevo,241427.37145450033
Trujillo,146.7890380573804,4,Usado,345680.6434816246
Trujillo,198.48814246692754,1,Nuevo,174085.06134361884
Arequipa,76.49200042554325,2,Usado,115037.44771423982
Trujillo,221.33623380569577,3,Usado,185957.63360451927
Piura,103.97655258202633,3,Usado,266137.5926003242
Trujillo,86.55341084351446,1,Nuevo,105485.65268678889
Trujillo,122.49045881902161,2,Usado,493112.9941920084
Cusco,153.65635426241158,2,Usado,175901.20791978203
Arequipa,134.91698185088973,3,Nuevo,448062.8275772728
Piura,196.78886207483077,5,Usado,388976.1816055931
Lima,66.86979931004035,5,Nuevo,402364.7383507868
Arequipa,114.97504027040127,4,Usado,342645.4357549127
Piura,151.17973231440357,4,Usado,453088.2772068045
Piura,193.01090653546905,1,Nuevo,351848.84801059356
Cusco,160.03861208898826,5,Usado,195433.9831246955
Cusco,162.77171953770056,4,Nuevo,121436.69285662484
Piura,160.5599502812846,3,Usado,479420.9414529883
Lima,253.86513309955296,2,Usado,351764.8550185715
Lima,98.95168182197732,3,Usado,170349.63695075078
Lima,274.2130195958541,2,Usado,103986.56610935122
Trujillo,135.56375390508944,4,Usado,225574.98033455166
Arequipa,278.65082311966427,1,Usado,324276.5121580139
Trujillo,85.6875864602691,1,Nuevo,222667.14743318837
Piura,250.09431952460304,2,Usado,291645.5048856332
Lima,60.394533375322645,4,Nuevo,111443.65122183567
Lima,281.7398947477491,2,Nuevo,316243.3789723348
Piura,292.50232799408786,3,Nuevo,318898.6407062382
Arequipa,62.69767865740285,1,Usado,404277.2434279844
Piura,250.7128807905837,4,Nuevo,449766.15817278577
Piura,87.51706431778868,3,Nuevo,208155.71136140396
Lima,218.73920080267607,2,Nuevo,487813.2556646983
Lima,277.6474466766158,1,Nuevo,170817.5002598262
Arequipa,276.81987789706056,4,Usado,291158.64518037013
Cusco,103.35747093358,3,Nuevo,412139.8722045257
Lima,76.80216020868117,2,Nuevo,449513.559949855
Cusco,213.18269262696032,1,Nuevo,143313.22354425862
Lima,218.229676316716,5,Nuevo,116662.99185428963
Arequipa,130.7766913397202,3,Nuevo,470115.2520267661
Trujillo,296.69629851116053,5,Usado,360777.90007660986
Lima,89.66195727301968,1,Usado,434245.4018794709
Piura,97.9783383828734,1,Nuevo,398697.6763015465
Arequipa,161.34285046007162,1,Usado,390296.97788235877
Cusco,196.46120985866827,3,Usado,268856.1926799186
Lima,261.70444862324456,1,Nuevo,381977.04030728
Trujillo,284.8755975361987,4,Nuevo,149635.32667046197
Trujillo,54.66663862434541,1,Usado,255394.6571919817
Trujillo,274.06483417279327,4,Usado,394049.6297753595
Lima,134.0418622637034,5,Usado,269935.4958819225
Trujillo,77.88796560752621,4,Nuevo,494289.8075992915
Piura,131.516686202965,2,Usado,469876.9990962513
Cusco,273.7050198141035,1,Nuevo,210813.70333751343
Cusco,133.48149667116394,2,Nuevo,452889.94368070504
Piura,134.0536664561693,4,Nuevo,429700.58872680215
Cusco,203.16215683743263,2,Usado,288122.8415308425
Trujillo,217.98623507462716,2,Nuevo,268024.40609760705
Trujillo,180.9398224555845,3,Usado,194156.71426213678
Piura,296.7470258931917,3,Usado,340458.26979384734
Arequipa,290.07332025854805,4,Nuevo,333917.49713529064
Piura,250.8166589093859,4,Usado,233084.49577364736
Piura,243.06969242030488,1,Nuevo,353057.5183168044
Lima,86.99909948121797,5,Usado,365060.56713003444
Lima,72.82775028636924,4,Usado,301268.04901800805
Arequipa,292.34204758129795,2,Nuevo,453004.8263899859
Piura,69.5204482986594,4,Nuevo,415532.9800904845
Lima,251.47435086667952,1,Usado,126321.04815211403
Piura,61.88828548687068,2,Usado,284690.0231152742
Arequipa,94.63871454830826,2,Usado,184702.39300789236
Lima,154.54713884788038,2,Usado,317832.8338856234
Lima,292.58781750539913,4,Nuevo,185220.11970273254
Cusco,155.87812381337528,4,Usado,456421.8223729334
Trujillo,84.51454758973756,1,Usado,120916.96776884975
Piura,93.55550164751781,3,Nuevo,433013.7252966865
Arequipa,215.83547716374153,5,Nuevo,264151.48055577755
Piura,293.5814147286932,1,Nuevo,342546.17384450027
Piura,65.57787431133514,5,Nuevo,204107.16603418975
Piura,268.566274758724,2,Nuevo,341117.36428976967
Arequipa,181.61051205884507,1,Usado,174206.0779446784
Trujillo,92.92621816908476,3,Nuevo,422721.8067921632
Piura,193.1887345074482,4,Nuevo,338575.29919132876
Lima,224.90692776545913,2,Usado,359456.2877683558
Cusco,202.94593389538028,5,Usado,205869.10126414546
Trujillo,281.35048312534286,2,Usado,167127.58197180013
Trujillo,210.61694723405532,2,Usado,114760.11420444072
Piura,155.03782017790974,1,Usado,166694.47279607184
Arequipa,123.5900061384691,4,Usado,246393.2961195688
Trujillo,147.65222634976902,1,Usado,463341.35103447485
Cusco,114.65458148022735,4,Usado,413134.825818985
Cusco,157.1952831269166,1,Usado,189600.79004683968
Arequipa,139.29865100715944,4,Usado,108212.74777555003
Piura,171.5734365332106,3,Nuevo,193777.46093203546
Cusco,66.0970602294706,4,Usado,460714.7692055917
Lima,273.7963769587426,3,Nuevo,229859.24424395154
Cusco,261.5344149295868,1,Nuevo,325195.76235006656
Trujillo,193.16294007618436,4,Usado,290757.59518639446
Piura,277.78852856674837,3,Usado,315323.8625582838
Trujillo,139.8979018085025,5,Usado,457693.8386287493
Cusco,253.99755302247564,3,Nuevo,228090.63666919724
Arequipa,96.14857252488173,3,Usado,322237.1425264104
Trujillo,292.8476697516935,1,Nuevo,293010.8525879616
Trujillo,146.91638746071257,2,Usado,354664.7812635673
Arequipa,197.32125425283346,3,Usado,412346.0119980194
Lima,100.22609890099301,4,Nuevo,210478.65236437562
Cusco,196.79579975518615,1,Usado,268222.9523207107
Arequipa,105.14275427527318,4,Nuevo,170491.72263880516
Arequipa,265.60147432273106,3,Usado,112331.65891180103
Piura,277.8666166569675,1,Nuevo,237332.02676483768
Trujillo,86.48805476197717,2,Nuevo,221733.95656240603
Cusco,179.9734188758507,2,Nuevo,485639.8231133959
Arequipa,232.8360357867307,4,Nuevo,457734.3133537483
Cusco,128.75728824992063,1,Nuevo,198074.58251556545
Trujillo,153.31671956017084,4,Nuevo,143360.77305397895
Trujillo,77.54698062647334,2,Usado,481385.17702778894
Cusco,133.21770310124796,4,Nuevo,273254.08665376995
Lima,179.51490846371388,5,Nuevo,176430.26764030266
Lima,237.36198375889103,3,Nuevo,436947.41721575626
Piura,91.62774356258609,2,Nuevo,438291.5617016158
Cusco,249.7426844452477,5,Nuevo,322951.77909287775
Trujillo,104.9040627830539,2,Usado,143268.14199106695
Piura,242.58737131155792,3,Usado,492747.75604763225
Arequipa,93.52312883615883,2,Usado,102428.67384776448
Trujillo,230.37805697447007,2,Nuevo,426456.4776339623
Piura,273.2943389258958,1,Usado,253575.03159391973
Cusco,94.58014895463636,5,Nuevo,481825.33264029014
Arequipa,218.6771544425418,4,Nuevo,485157.53848882264
Cusco,182.4539588995723,2,Usado,408643.65811385313
Cusco,149.13505609039697,3,Nuevo,214682.8803316533
Trujillo,226.3190442656875,2,Nuevo,109248.29577990218
Lima,224.50906127345624,3,Usado,496238.3410249289
Arequipa,134.50000952120917,5,Nuevo,462819.16506539815
Trujillo,142.11329323674624,4,Nuevo,288702.6800290335
Lima,242.39738023919105,2,Nuevo,422641.5892307835
Cusco,247.70977316755508,4,Usado,271857.91874663637
Arequipa,298.29194646734703,4,Usado,306235.7874778819
Lima,284.9289800490393,3,Nuevo,300912.48383324954
Trujillo,283.3320850151765,2,Nuevo,170238.46946959337
Arequipa,283.19587096801115,1,Nuevo,286978.27843606926
Piura,257.9818920598626,2,Usado,287476.2450755718
Lima,216.3861558379232,1,Nuevo,461809.8843530992
Piura,82.86857399079838,1,Usado,370508.92092038866
Trujillo,122.61237705136355,5,Usado,348440.06378762063
Piura,281.6463370719034,5,Nuevo,369632.2944003181
Lima,293.03485413484907,1,Nuevo,340493.603537929
Trujillo,235.45609948641348,2,Nuevo,186192.5781318234
Trujillo,65.37459251771811,5,Usado,146739.29467631775
Piura,263.5982199299222,5,Nuevo,468275.70019984926
Arequipa,93.13313698710334,5,Usado,407237.7975130707
Arequipa,235.5538349801122,3,Usado,198021.94297010027
Lima,129.9273331058414,1,Nuevo,400670.33028177015
